Institution/provider,Exact dataset/series,Official URL/API docs,Asset/macro mapping,Frequency,Unit,SA/NSA,Observation date meaning,Release/available-at semantics,Revision/vintage support,Historical depth,Access method,Authentication,Rate limits,License/terms,China accessibility concerns,PIT suitability,Durability,Recommendation
Federal Reserve (FRED / ALFRED),DGS10 (10Y UST Constant Maturity Rate),https://fred.stlouisfed.org/series/DGS10,US Sovereign Rates / Liquidity Anchor,Business Daily,Percent (%),NSA,Trading day market close,Next business day ~08:00 EST,"Fixed market quotes, no revision",1962 to present,REST API / Python fredapi,Free API Key,120 requests/minute,Public Domain,"Accessible, occasional latency, cache locally",HIGH,HIGH,USE
Bureau of Labor Statistics (via ALFRED),CPIAUCSL (Consumer Price Index All Urban Consumers),https://alfred.stlouisfed.org/series?id=CPIAUCSL,US_CPI / US Headline Inflation,Monthly,Index (1982-1984=100),SA,1st day of observation month,Monthly release ~08:30 EST via ALFRED realtime_start,Full historical vintage tracking via ALFRED,1947 to present,ALFRED REST API / fredapi get_series_as_of_date,Free API Key,120 requests/minute,Public Domain,Accessible,HIGH,HIGH,USE
Bureau of Economic Analysis (via ALFRED),PCEPILFE (Core PCE Price Index excluding Food & Energy),https://alfred.stlouisfed.org/series?id=PCEPILFE,US_CORE_PCE / Fed Preferred Inflation Target,Monthly,Index (2017=100),SA,1st day of observation month,End of following month ~08:30 EST,"Subject to regular BEA revisions, ALFRED tracks vintages",1959 to present,ALFRED REST API / CSV,Free API Key,120 requests/minute,Public Domain,Accessible,HIGH (via ALFRED vintages only),HIGH,USE
Federal Reserve Board (H.10 Release via FRED),"Synthetic DXY: DEXUSEU, DEXJPUS, DEXUSUK, DEXCAUS, DEXSDUS, DEXSZUS",https://www.federalreserve.gov/releases/h10/ / FRED H.10,DXY (US Dollar Index Exact Mathematical Equivalent),Business Daily,Index (1973=100),NSA,Trading day noon buying rate in New York,Daily ~16:15 EST,No revision (official currency quotes),1973 to present,FRED REST API (vectorized calculation in Python),Free API Key,120 requests/minute,Public Domain (Fed H.10 FX) + Public ICE Mathematical Formula,Accessible,HIGH,HIGH,USE
Federal Reserve Board (H.10 via FRED),DEXCHUS (China / U.S. Foreign Exchange Rate),https://fred.stlouisfed.org/series/DEXCHUS,USD/CNY Onshore Exchange Rate Proxy,Business Daily,Chinese Yuan per 1 U.S. Dollar,NSA,Trading day noon rate in New York,Daily ~16:15 EST,No revision,1981 to present,REST API / CSV,Free API Key,120 requests/minute,Public Domain,Accessible,HIGH,HIGH,USE
Federal Reserve Board (H.15 via FRED),DFII10 (Market Yield on 10-Year Treasury Inflation-Indexed Security),https://fred.stlouisfed.org/series/DFII10,US_REAL_10Y / Global Discount Rate & Gold Pricing Anchor,Business Daily,Percent (%),NSA,Trading day close,Next business day ~08:00 EST,No revision,2003 to present,REST API / CSV,Free API Key,120 requests/minute,Public Domain,Accessible,HIGH,HIGH,USE
Federal Reserve Board (H.4.1 Balance Sheet via FRED),WALCL - WTREGEN - RRPONTSYD (Net Fed Liquidity Proxy),https://www.federalreserve.gov/releases/h41/,Global Dollar Liquidity & Bank Reserves,Weekly (Wednesday level),Millions USD,NSA,Wednesday close of business,Every Thursday ~16:30 EST,Negligible revision,2003 to present,REST API via FRED series,Free API Key,120 requests/minute,Public Domain,Accessible,HIGH,HIGH,USE
Federal Reserve Bank of Chicago,NFCI (National Financial Conditions Index) & ANFCI,https://www.chicagofed.org/research/data/nfci/about,Financial Conditions / Liquidity / Credit Stress,Weekly,Standardized Units (0=historical average),SA/NSA blended,Preceding Friday,Every Thursday 08:30 CT (covers data through previous Friday),"Minor historical model revisions, highly stable",1971 to present,FRED series NFCI / Chicago Fed direct CSV,"None on direct CSV, Key on FRED",Free,Public Domain,Accessible,HIGH,HIGH,USE
Federal Reserve Bank of New York,RECPROUSM156N (12-Month Ahead Recession Probability / Estrella-Mishkin),https://www.newyorkfed.org/research/capital_markets/ycfaq.html,Macro Regime / Yield Curve Recession Warning,Monthly,Percent Probability (0-100%),NSA,Observation month (derived from 10Y-3M spread),First week of following month,No revision (closed-form probit on market rates),1959 to present,FRED / NY Fed monthly table,None,Free,Public Domain,Accessible,HIGH,HIGH,USE
Bureau of Labor Statistics / Claudia Sahm (via FRED),SAHMREALTIME (Real-time Sahm Rule Recession Indicator),https://fred.stlouisfed.org/series/SAHMREALTIME,Macro Downside Circuit Breaker / Labor Deterioration,Monthly,Percentage Points difference,SA (3-month SMA of civilian unemployment rate),Observation month,Release day of Employment Situation report (~1st Friday 08:30 EST),SAHMREALTIME strictly evaluates unrevised first release data,1959 to present,FRED REST API / CSV,Free API Key,120 requests/minute,Public Domain,Accessible,HIGH (explicit real-time series),HIGH,USE
Commodity Futures Trading Commission (CFTC),"Commitments of Traders (COT): Gold (088691), Copper (085692), 10Y UST (043602)",https://www.cftc.gov/MarketReports/CommitmentsofTraders/index.htm,Speculative & Institutional Positioning / Sentiment Overlays,Weekly,"Contracts (Long, Short, Net Non-Commercial)",NSA,Every Tuesday market close,Every Friday 15:30 EST (available-at strictly Friday 15:30),Negligible revisions,1986 to present,Direct ZIP/CSV bulk download / Historical files,None,Free static file access,Public Domain,Accessible,HIGH (with Tuesday/Friday timestamp guard),HIGH,USE
S&P Dow Jones Indices (via FRED / SPY ETF Proxy),SP500 (FRED: Price Return Only) / SPY or IVV Adjusted Close (Total Return Proxy),https://www.spglobal.com/spdji/en/indices/equity/sp-500/ / Yahoo Stooq for ETF,US_EQ (US Large Cap Equity Total Return),Daily,Index points / USD price,NSA,Trading day close (16:00 EST),Available ~17:00 EST same day,No revision,SP500 10-year rolling on FRED; ETF proxy 1993 to present,FRED API for price index; ETF adjusted price via Yahoo/Stooq/Bridge,Free API key / None for Stooq,Standard,SP500 has S&P redistribution restrictions; ETF prices public/commercial data bridge,Accessible,HIGH,HIGH,"USE (ETF Adjusted Close as TR proxy, reject raw SP500 for wealth accounting)"
Hang Seng Indexes Company (via HKEX / 2800.HK Proxy),HSITR.HI (Hang Seng Total Return Index) / 2800.HK Adjusted Close,https://www.hsi.com.hk / HKEX,HK_EQ (Hong Kong Large Cap Equity Total Return),Daily,HKD points / HKD price,NSA,Trading day close (16:00 HKT),Available ~16:30 HKT,No revision,1969 for HSI price; 2000 to present for TR and Tracker Fund 2800.HK,Professional Bridge (Wind/Choice) or Tracker Fund ETF Adjusted Close,Commercial terminal / Public finance portal,Depends on client bridge,HSI is proprietary trademark; ETF public trading data,Domestic bridge accessible,HIGH,HIGH,USE (Bridge for HSITR; 2800.HK as robust public backup)
China Securities Index Co. (CSINDEX / Bridge),H00300.CSI (CSI 300 Total Return Index) / 510300.SH ETF Adjusted Close,https://www.csindex.com.cn / SSE,CN_EQ_LARGE (China A-Share Large Cap Equity Total Return),Daily,CNY index points / CNY price,NSA,Trading day close (15:00 CST),Available ~15:30 CST,No revision,2005 to present,Professional Bridge (Wind H00300.CSI) / CSINDEX web / 510300.SH adjusted close,Commercial / Free web viewing,Controlled,CSINDEX commercial copyright,Native onshore,HIGH,HIGH,USE (Professional Bridge for H00300; 510300.SH as public backup)
ChinaBond (中债金融估值中心 / ChinaBond),ChinaBond 10Y CGB Yield to Maturity (中债国债到期收益率10年期),https://yield.chinabond.com.cn / https://www.chinabond.com.cn,CN_BOND_10Y (Macro Yield State & Slope Indicator),Business Daily,Percent (%),NSA,Trading day 17:30 valuation point,Daily ~18:00 CST,"Fixed end-of-day curve, no revision",2002 to present,ChinaBond yield curve page / Professional Bridge / CFETS,Public curve view / Commercial API,Web access rate limited,ChinaBond valuation copyright,Native onshore,HIGH,HIGH,USE (For macro state only; NEVER use for wealth accounting)
ChinaBond (中债金融估值中心 / ChinaBond) / ETF Proxy,ChinaBond Treasury Total Return Index (CBA00301.CS) / 511260.SH Adjusted Close,https://www.chinabond.com.cn / SSE,CN_BOND_10Y (Asset Return & Portfolio Wealth Accounting),Business Daily,Index points / CNY price,NSA,Trading day 17:30 valuation point / 15:00 market close,Daily ~18:00 CST,No revision,2002 to present (ChinaBond) / 2017 to present (511260.SH),Professional Bridge for CBA00301 / 511260.SH ETF adjusted close,Commercial license / Public broker feed,Terminal dependent,Commercial copyright,Native onshore,HIGH,HIGH,USE (Mandatory total return representation for portfolio engine)
LBMA / ICE Benchmark Administration / CME,LBMA Gold Price PM Fix (USD/oz) / COMEX Gold Front Futures (GC),https://www.lbma.org.uk / https://www.cmegroup.com,GOLD (Global Monetary Safe-Haven & Real Yield Macro Signal),Daily,USD per Troy Ounce,NSA,London 15:00 fixing / CME trading day close,15:00 London time / CME settle ~13:30 EST,"Fixed fixing/settle, no revision",1968 to present (LBMA),FRED (GOLDAMGBD228NLBM) / CME Datamine / Stooq,Free via FRED API,Standard,Public viewing / LBMA copyright,Accessible via FRED,HIGH,HIGH,USE (Macro signal anchor)
Shanghai Gold Exchange (SGE) / ETF Proxy,SGE Au99.99 Cash Settle / HuaAn Gold ETF 518880.SH Adjusted Close,https://www.sge.com.cn / SSE,GOLD (Investable Asset & CNY Portfolio Wealth Accounting),Daily,CNY per Gram,NSA,Trading day close (15:30 CST),Daily ~16:00 CST,No revision,2002 to present (Au99.99) / 2013 to present (518880.SH),SGE daily bulletin / Professional Bridge / 518880.SH adjusted close,None on web / Commercial on Bridge,Low frequency,SGE market data terms,Native onshore,HIGH,HIGH,USE (Accounts for China Gold Premium & avoids FX mismatch)
CME Group (COMEX) / LME,COMEX High Grade Copper Front Futures (HG) / Continuous Futures (Ratio Adjusted),https://www.cmegroup.com/markets/metals/base/copper.html,COPPER (Global Industrial Activity & Portfolio Commodity Allocation),Daily,US Cents per Pound (cents/lb),NSA,Trading day close (13:00 EST settle),Daily ~14:00 EST,No revision; ratio adjustment applied on roll dates,1988 to present,CME Datamine / Professional Bridge / Stooq (HG.F),None on public / Commercial on CME Data,Free on Stooq/Bridge,CME market data rules,Accessible,HIGH,HIGH,USE (Ratio continuous for return; nominal front-month for macro signal)
China Foreign Exchange Trade System (CFETS / ChinaMoney),USD/CNY Onshore Spot Closing Rate (16:30) & Central Parity Fixing (09:15),http://www.chinamoney.com.cn,USD/CNY Exchange Rate / Multi-currency Portfolio Accounting,Business Daily,CNY per 100 USD (or CNY per 1 USD),NSA,Fixing at 09:15 CST / Official close at 16:30 CST,Fixing 09:15 CST / Close 16:30 CST,"Official legal settlement, zero revision",1994 to present,ChinaMoney daily page / Professional Bridge (Wind USDCNY.EX),Commercial on Bridge / Public browsing,Severe anti-scraping on web; stable on Bridge,CFETS proprietary copyright,Native onshore,HIGH,HIGH,USE
China Foreign Exchange Trade System (CFETS / ChinaMoney),HKD/CNY Central Parity Rate (港币对人民币中间价),http://www.chinamoney.com.cn,HKD/CNY Exchange Rate / Multi-currency Portfolio Accounting,Business Daily,CNY per 100 HKD,NSA,Daily fixing at 09:15 CST,Daily 09:15 CST,Zero revision,1994 to present,ChinaMoney fixing page / Professional Bridge,Public web / Commercial Bridge,Controlled,CFETS copyright,Native onshore,HIGH,HIGH,USE (Reject unverified triangular synthetic cross without timestamp audit)
"National Bureau of Statistics of China (NBS, 国家统计局)",A0B0101_MONTH (China Official Manufacturing PMI),http://data.stats.gov.cn / http://www.stats.gov.cn,CN_PMI (China Real Activity & Industrial Leading Signal),Monthly,Index (50=Expansion/Contraction Threshold),SA (Official seasonally adjusted diffusion index),Calendar observation month,Last calendar day of month or 1st day of next month ~08:30 CST,"Final release on first print, zero revision",2005 to present,NBS web parser / NBS official press release HTML,None,Polite delay required,PRC Government Open Information,Native onshore,HIGH,HIGH,USE (Immediate automation candidate)
"National Bureau of Statistics of China (NBS, 国家统计局)",A010101_MONTH (China Consumer Price Index YoY),http://data.stats.gov.cn,CN_CPI (China Onshore Inflation Cycle),Monthly,Percent YoY (%),NSA,Calendar observation month,9th to 11th of following month ~09:30 CST,"No intra-year revision, stable time series",1990 to present,NBS web parser / NBS data API,None,Standard,PRC Government Open Information,Native onshore,HIGH,HIGH,USE
"National Bureau of Statistics of China (NBS, 国家统计局)",A010501_MONTH (China Producer Price Index YoY),http://data.stats.gov.cn,CN_PPI (Upstream Industrial Price & Commodity Linkage),Monthly,Percent YoY (%),NSA,Calendar observation month,Co-released with CPI (9th to 11th ~09:30 CST),No revision,1990 to present,NBS web parser / NBS data API,None,Standard,PRC Government Open Information,Native onshore,HIGH,HIGH,USE
"People's Bank of China (PBoC, 中国人民银行)",CN_M1 (Money Supply M1 Balance & YoY Growth),http://www.pbc.gov.cn,CN_M1 (Narrow Money Supply & Corporate Liquidity Vitality),Monthly,100 Million CNY / Percent YoY,NSA,End of calendar observation month,Variable release between 10th and 15th of following month,Subject to structural definition changes (e.g. 2025 revision),1990 to present,PBoC press release HTML parser / Professional Bridge,None on web / Commercial on Bridge,Strict WAF on PBoC web; bridge advised,PRC Government Open Information,Native onshore,MEDIUM (Must enforce conservative cutoff: 15th 23:59:59 CST),HIGH,USE (Must isolate M1_LEGACY and M1_REVISED_2025)
"People's Bank of China (PBoC, 中国人民银行)",CN_M2 (Money Supply M2 Balance & YoY Growth),http://www.pbc.gov.cn,CN_M2 (Broad Money Supply & M1-M2 Scissors Spread),Monthly,100 Million CNY / Percent YoY,NSA,End of calendar observation month,Variable release between 10th and 15th of following month,Minor historical adjustments,1990 to present,PBoC press release parser / Professional Bridge,None,Standard,PRC Government Open Information,Native onshore,MEDIUM (Conservative cutoff: 15th 23:59:59 CST),HIGH,USE
China Foreign Exchange Trade System (CFETS / ChinaMoney),DR007 (Depository Institution 7-Day Repurchase Weighted Rate),http://www.chinamoney.com.cn,CN_DR007 (China Interbank Liquidity Benchmark Anchor),Business Daily,Percent (%),NSA,Trading day full session volume-weighted average,Every trading day at 17:00 CST,"Official clearing rate, zero revision",2014 to present,ChinaMoney daily page / Professional Bridge (Wind DR007.IB),Public view / Commercial on Bridge,Anti-scraping protection on web,CFETS market data copyright,Native onshore,HIGH,HIGH,USE
DBnomics (Open Economic Data Aggregator),"Aggregated time series from IMF, World Bank, OECD, BIS, ECB, PBoC",https://db.nomics.world / API: https://api.db.nomics.world/v22/,Global Multi-lateral Economic & Financial Series Aggregator,Various (Daily to Annual),Various by series,Various by series,Provider native observation,Propagated from official source updates,"Stores latest published series, limited native PIT vintages",Multi-decade (source dependent),Free REST API (JSON) / Direct CSV export,None required,Generous public fair use,Open Data / AGPL-3.0 for official Python client (use REST instead),"Accessible, occasional international latency",MEDIUM,HIGH,"USE (Use direct REST API, avoid AGPL Python client)"
